{"result_01": {"number of processes": 1, "solution time": 208.01500344276428}, "result_02": {"number of processes": 2, "solution time": 242.01116633415222}, "result_03": {"number of processes": 3, "solution time": 214.61980032920837}, "result_04": {"number of processes": 4, "solution time": 203.14179491996765}, "result_05": {"number of processes": 5, "solution time": 182.50229167938232}, "result_06": {"number of processes": 6, "solution time": 196.66302466392517}, "result_07": {"number of processes": 7, "solution time": 206.03973603248596}, "result_08": {"number of processes": 8, "solution time": 230.682382106781}, "result_09": {"number of processes": 9, "solution time": 256.8319203853607}, "result_10": {"number of processes": 10, "solution time": 218.7307116985321}, "result_11": {"number of processes": 11, "solution time": 141.76868414878845}, "result_12": {"number of processes": 12, "solution time": 174.5766863822937}, "result_13": {"number of processes": 13, "solution time": 136.2989091873169}, "result_14": {"number of processes": 14, "solution time": 127.9815137386322}, "result_15": {"number of processes": 15, "solution time": 129.69884824752808}, "result_16": {"number of processes": 16, "solution time": 140.36804223060608}, "result_17": {"number of processes": 17, "solution time": 152.3038477897644}, "result_18": {"number of processes": 18, "solution time": 142.73049187660217}, "result_19": {"number of processes": 19, "solution time": 147.31481456756592}, "result_20": {"number of processes": 20, "solution time": 140.37757182121277}}